[{"recipient":"+27764257672","messageID":"MSG1995","messageHash":"dce8d4857b301aad1b1deb80385871d0983b8f88668ad320357fda4c95e49128","message":" i love you mom"},{"recipient":"+27764257672","messageID":"MSG9854","messageHash":"a87e2514c4a108a74475c99bbf2c3df35addeebecc5e7bfd21316dd6bbc5b198","message":" i love you mom i love struu"},{"recipient":"+27764257672","messageID":"MSG1604","messageHash":"ebbd99550785f4fb601ab670208dcb3752eaeb513cd7146f0b5c5346981645ef","message":"God please be with me"},{"recipient":"+27764257672","messageID":"MSG5220","messageHash":"44e41e2ffa4f57501206b73532a8e0319b1da3fa6dea357950ee98ed0bc1451a","message":" i love you  mom"}]